{"FinalCount": 65, "finalScore": 187.91666666666669, "FinalAvgScore": 8.541666666666668, "totalRepoCount": 22, "RepoNotBuilt": 8, "ReposBuilt": 22}