{"FinalCount": 78, "finalScore": 784.3333333333334, "FinalAvgScore": 27.045977011494255, "totalRepoCount": 29, "RepoNotBuilt": 0, "ReposBuilt": 29}