{"FinalCount": 28, "finalScore": 247.33333333333334, "FinalAvgScore": 8.244444444444445, "totalRepoCount": 30, "RepoNotBuilt": 0, "ReposBuilt": 30}