{"FinalCount": 98, "finalScore": 134.2741147741148, "FinalAvgScore": 4.475803825803826, "totalRepoCount": 30, "RepoNotBuilt": 0, "ReposBuilt": 30}