{"FinalCount": 350, "finalScore": 1175.9470504033698, "FinalAvgScore": 40.54989828977137, "totalRepoCount": 29, "RepoNotBuilt": 0, "ReposBuilt": 29}