{"FinalCount": 75, "finalScore": 385.33333333333337, "FinalAvgScore": 13.761904761904763, "totalRepoCount": 28, "RepoNotBuilt": 0, "ReposBuilt": 27}