{"FinalCount": 75, "finalScore": 385.00000000000006, "FinalAvgScore": 13.750000000000002, "totalRepoCount": 28, "RepoNotBuilt": 0, "ReposBuilt": 27}