{"FinalCount": 34, "finalScore": 9.176470588235293, "FinalAvgScore": 4.588235294117647, "totalRepoCount": 2, "RepoNotBuilt": 20, "ReposBuilt": 2}