{"FinalCount": 391, "finalScore": 163.51710780259165, "FinalAvgScore": 5.450570260086389, "totalRepoCount": 30, "RepoNotBuilt": 0, "ReposBuilt": 30}