{"FinalCount": 77, "finalScore": 63.04761904761905, "FinalAvgScore": 3.9404761904761907, "totalRepoCount": 16, "RepoNotBuilt": 12, "ReposBuilt": 16}