{"FinalCount": 3, "finalScore": 3.3333333333333335, "FinalAvgScore": 0.1851851851851852, "totalRepoCount": 18, "RepoNotBuilt": 10, "ReposBuilt": 18}