{"FinalCount": 6, "finalScore": 2.1666666666666665, "FinalAvgScore": 0.08666666666666666, "totalRepoCount": 25, "RepoNotBuilt": 1, "ReposBuilt": 1}