{"FinalCount": 36, "finalScore": 254.36666666666667, "FinalAvgScore": 10.598611111111111, "totalRepoCount": 24, "RepoNotBuilt": 0, "ReposBuilt": 24}