{"FinalCount": 119, "finalScore": 228.38333333333333, "FinalAvgScore": 8.156547619047618, "totalRepoCount": 28, "RepoNotBuilt": 0, "ReposBuilt": 28}