{"FinalCount": 38, "finalScore": 436.9166666666667, "FinalAvgScore": 14.56388888888889, "totalRepoCount": 30, "RepoNotBuilt": 0, "ReposBuilt": 30}