{"FinalCount": 87, "finalScore": 152.33333333333331, "FinalAvgScore": 5.0777777777777775, "totalRepoCount": 30, "RepoNotBuilt": 0, "ReposBuilt": 30}