{"FinalCount": 260, "finalScore": 58.06377865961199, "FinalAvgScore": 2.15051032072637, "totalRepoCount": 27, "RepoNotBuilt": 0, "ReposBuilt": 27}