{"FinalCount": 78, "finalScore": 371.19761904761907, "FinalAvgScore": 14.276831501831502, "totalRepoCount": 26, "RepoNotBuilt": 3, "ReposBuilt": 26}