{"FinalCount": 109, "finalScore": 1024.1666666666665, "FinalAvgScore": 37.932098765432094, "totalRepoCount": 27, "RepoNotBuilt": 0, "ReposBuilt": 27}