{"FinalCount": 44, "finalScore": 20.166666666666668, "FinalAvgScore": 1.1203703703703705, "totalRepoCount": 18, "RepoNotBuilt": 10, "ReposBuilt": 17}