{"FinalCount": 196, "finalScore": 287.69921327382633, "FinalAvgScore": 9.589973775794212, "totalRepoCount": 30, "RepoNotBuilt": 0, "ReposBuilt": 30}