{"FinalCount": 13, "finalScore": 16.166666666666664, "FinalAvgScore": 1.0777777777777777, "totalRepoCount": 15, "RepoNotBuilt": 15, "ReposBuilt": 15}