{"FinalCount": 19, "finalScore": 64.66666666666667, "FinalAvgScore": 3.8039215686274512, "totalRepoCount": 17, "RepoNotBuilt": 11, "ReposBuilt": 17}