{"FinalCount": 6, "finalScore": 21.666666666666668, "FinalAvgScore": 2.166666666666667, "totalRepoCount": 10, "RepoNotBuilt": 20, "ReposBuilt": 10}