{"FinalCount": 13, "finalScore": 567.3333333333334, "FinalAvgScore": 43.64102564102564, "totalRepoCount": 13, "RepoNotBuilt": 0, "ReposBuilt": 13}