{"FinalCount": 45, "finalScore": 82.21666666666667, "FinalAvgScore": 2.936309523809524, "totalRepoCount": 28, "RepoNotBuilt": 1, "ReposBuilt": 28}