{"FinalCount": 607, "finalScore": 212.1511680911681, "FinalAvgScore": 7.071705603038937, "totalRepoCount": 30, "RepoNotBuilt": 0, "ReposBuilt": 30}