{"FinalCount": 22, "finalScore": 298.16666666666663, "FinalAvgScore": 9.938888888888888, "totalRepoCount": 30, "RepoNotBuilt": 0, "ReposBuilt": 30}