{"FinalCount": 69, "finalScore": 651.9166666666666, "FinalAvgScore": 22.479885057471265, "totalRepoCount": 29, "RepoNotBuilt": 0, "ReposBuilt": 29}